sentences,sentiment
The beautiful sunrise over the horizon,1
Her laughter was contagious and brought joy,1
The surprise gift exceeded all expectations,1
The team's incredible cooperation led to success,1
The delicious aroma of fresh-baked cookies,1
The feeling of accomplishment after hard work,1
The warm embrace of a loved one,1
The stunning view left everyone in awe,1
The child's smile lit up the room,1
The peaceful sound of waves on the shore,1
Winning the prestigious award was a dream,1
The generous act of kindness was heartwarming,1
The vibrant colors of the spring flowers,1
The delightful melody of the symphony,1
The pet's unwavering loyalty and affection,1
The excitement of a new adventure awaited,1
The holiday gathering was filled with laughter,1
The satisfaction of a beautifully completed project,1
The support from family and friends was invaluable,1
The success story inspired many others,1
The delicious meal was a culinary masterpiece,1
The joyful celebration of a significant milestone,1
The community came together in harmony,1
The enchanting story captured everyone's imagination,1
The sense of belonging was deeply fulfilling,1
The weather was perfect for a day outdoors,1
The warmth of the fireplace on a cold night,1
The gratefulness for every small victory,1
The sound of children's laughter in the park,1
The surprise reunion brought tears of joy,1
The beautiful dance performance was mesmerizing,1
The eager anticipation of a long-awaited journey,1
The tranquility of the garden brought peace,1
The cherished memories of childhood,1
The remarkable display of human compassion,1
The creativity in the artwork was inspiring,1
The happiness was evident in her eyes,1
The fantastic discovery opened new possibilities,1
The thoughtful gift was truly touching,1
The mutual respect strengthened their relationship,1
The delightful surprise party was a success,1
The heartwarming story of perseverance,1
The shared laughter made the day unforgettable,1
The proud moment of reaching a goal,1
The gentle rhythm of the rain was soothing,1
The delicious taste of homemade ice cream,1
The community's appreciation was overwhelming,1
The scenic path through the forest was enchanting,1
The joy of learning something new every day,1
The satisfaction of giving back to others,1
The beautiful sunrise over the ocean was,1
She received a surprise gift that,1
Everyone applauded when he announced,1
The aroma of freshly baked cookies made,1
Her laughter filled the room with,1
"On their anniversary, they decided to",1
The community came together to,1
Winning the award was a moment of,1
"As the music played, the couple began to",1
"Under the twinkling stars, they felt",1
"The garden was in full bloom, bringing",1
His act of kindness surprised the,1
The child's first steps made everyone,1
"As the vacation began, the family felt",1
The heartfelt speech moved everyone to,1
The puppy wagged its tail with,1
The festival was filled with colors and,1
Her smile lit up the entire,1
The team celebrated their victory with,1
The delicious meal was enjoyed by,1
The reunion was a joyful gathering of,1
"As the fireworks exploded, they felt",1
The movie ended with a note of,1
Their friendship grew stronger when,1
"Grateful for the opportunity, she",1
"With genuine enthusiasm, he accepted",1
The charity event raised more than,1
The school play received a standing,1
Her act of bravery inspired,1
"As the flowers were handed out, the room felt",1
The teacher praised the student for,1
"Surrounded by loved ones, he felt",1
The melody of the song made her,1
The successful launch of the project was,1
The spontaneous adventure led to,1
The artist's work was appreciated by,1
The positive feedback encouraged,1
"At the family dinner, everyone shared",1
The new beginning was marked by,1
The child's drawing was admired by,1
The tranquil garden provided,1
The long-awaited vacation was,1
Compassion and understanding brought,1
The successful surprise party left,1
The charity walkathon generated,1
Their dreams were coming true as,1
His promotion at work filled him with,1
The beautiful harmony of the choir created,1
The joyful discovery was welcomed with,1
"As the community thrived, they",1
The moment I realized my true potential was when,1
A beautiful day began with,1
The joy of being surrounded by loved ones,1
My greatest achievement to date is,1
The kindness of strangers can be seen,1
"When the sun set over the horizon, I felt",1
The laughter of children reminds me of,1
A remarkable act of generosity happened when,1
The first time I tasted success,1
A breathtaking view unfolded before me,1
The warmth of a hug can instantly,1
A delightful surprise awaited me when,1
The sound of waves gently crashing,1
My heart filled with happiness when,1
A shared moment of laughter,1
A dream came true when,1
The feeling of accomplishment after,1
The soothing melody of music brought,1
An unexpected reward for my efforts was,1
The joy of a good book is,1
Friendship can be as comforting as,1
The taste of a well-cooked meal,1
The discovery of a new passion led me to,1
When someone truly believes in you,1
A heartfelt compliment can make,1
The simple pleasure of a sunset,1
The love in a pet’s eyes,1
My hope for the future is,1
The positive impact of a kind gesture,1
A moment of peace in a busy day,1
A cherished memory from childhood,1
The pride I felt after helping,1
When everything just falls into place,1
The excitement of learning something new,1
When gratitude fills your heart,1
A gentle breeze on a summer day,1
An inspiring story of resilience,1
Finding happiness in everyday moments,1
A community coming together to,1
The exhilaration of achieving a goal,1
Reconnecting with an old friend brings,1
"When dreams take flight, I feel",1
The joy of giving without expecting,1
Listening to the songs of nature,1
A moment of clarity in chaos,1
An act of kindness that changed my day,1
The power of love is shown in,1
When hope persists despite doubt,1
An unexpected connection with someone new,1
A place where I feel at home,1
The beauty of nature amazed me when,1
Watching the stars in a clear sky,1
The strength I found within myself,1
A shared moment of understanding,1
When I was able to help someone,1
The simplicity of a genuine smile,1
An uplifting story about community,1
The thrill of a new adventure,1
The sweetest words I ever heard,1
A transformative experience that taught me,1
Witnessing the strength of the human spirit,1
The excitement of planning a future,1
A season of change brought,1
The unexpected joy of discovering,1
The comfort in knowing I am loved,1
The joy of creating something meaningful,1
A fresh perspective on life came when,1
The awe of seeing someone achieve,1
Watching the sunrise brings,1
When compassion bridges differences,1
The relief of overcoming a challenge,1
The charm of a small town discovered,1
An encouraging word changed everything,1
The quiet contentment of morning coffee,1
The thrill of seeing progress and growth,1
The sunrise brought a sense of hope as,1
His generous gift made everyone feel,1
The beautiful garden was filled with,1
"After achieving her dreams, she felt",1
The taste of fresh strawberries reminded him of,1
"At the joyous celebration, they all",1
"The little puppy wagged its tail, making the children",1
Her kindness was evident when she,1
The peaceful sound of the ocean waves was,1
"In the warm embrace of her family, she",1
The birthday surprise left him feeling,1
"When she heard the good news, she",1
"Walking through the vibrant fields, they found",1
The old friends reunited and felt,1
The smell of freshly baked cookies brought,1
"On the first day of spring, everything seemed",1
The child's laughter echoed through,1
The heartfelt thank you note made him,1
"Watching the sunset together, they felt",1
"At the successful launch, the team was",1
The delightful melody of the song made them,1
"Finding the perfect gift for her friend, she was",1
The supportive community gathered to,1
The warm cup of tea on the chilly evening was,1
"When the stars filled the night sky, he felt",1
"Discovering a new passion, she became",1
The festive holiday atmosphere was,1
The cheerful birds sang as,1
"With the promotion, he felt",1
Winning the championship left them feeling,1
The gentle breeze on a summer day was,1
"After the heartfelt reunion, they were",1
Dancing under the moonlight made her feel,1
The lovely message from her friend was,1
"Grateful for their health, they were",1
"As the sun set behind the mountains, everything seemed",1
"Fulfilled by the volunteer work, she felt",1
The surprise visit from her sister was,1
"Receiving the award, he felt",1
"Wrapped in a cozy blanket, she was",1
The fragrance of blooming flowers was,1
"The children's choir sang beautifully, and the audience",1
"Enjoying a peaceful moment in nature, he was",1
"With a heart full of gratitude, she",1
"Hearing the baby's first laugh, they",1
"When the rainbow appeared, they were",1
The delicious homemade meal was,1
"Surrounded by loved ones, she felt",1
"On a carefree summer afternoon, they were",1
The inspiring story of resilience made them,1
"Her radiant smile lit up the room, and everyone",1
The new opportunity filled him with,1
"In the tranquil garden, she found",1
"Feeling the warmth of the sun, he",1
The joyful reunion of old friends was,1
"As they danced, a sense of joy",1
The family vacation brought them,1
The encouraging words from her mentor were,1
"Celebrating the anniversary, they felt",1
The sound of children playing filled,1
"With newfound confidence, she",1
The generous donation brought,1
"Watching the hilarious comedy, they",1
The feeling of accomplishment after the project was,1
"In her grandmother's arms, she felt",1
"Witnessing the random act of kindness, he",1
The vibrant colors of the festival were,1
"Listening to their favorite song, they",1
The heartfelt goodbye left them feeling,1
"On the perfect sunny day, they felt",1
The success of the event was,1
The sincere compliment from a stranger was,1
"With the delightful surprise, they",1
The laughter around the bonfire was,1
The welcoming atmosphere made her feel,1
I was thrilled to discover,1
The best part about,1
I can't wait to experience,1
Her smile was a beacon of,1
The beauty of the sunrise,1
Their kindness filled the room,1
Nothing compares to the joy of,1
The celebration was a highlight of,1
The success of the project was attributed to,1
His generosity inspired,1
The concert was a fantastic display of,1
The warmth in her voice,1
The remarkable achievement of,1
Their friendship felt like,1
The delicious aroma of,1
The laughter echoed through,1
An unforgettable journey filled with,1
The surprise left everyone,1
A sense of peace enveloped,1
Their efforts resulted in,1
The magnificent view took,1
The partnership brought about,1
The dedication led to,1
The festival was a delightful,1
The perfect blend of flavors in,1
Her talent was evident in,1
The community came together to,1
The radiant colors of the,1
The innovation sparked by,1
The delightful surprise was,1
The harmony of the choir,1
Everyone cheered for,1
A moment of pure happiness,1
The adventure was a tale of,1
The heartfelt gratitude expressed,1
The garden flourished with,1
The gentle breeze carried,1
The meal was a taste of,1
The compassion shown by,1
The book was a wonderful,1
The playful antics brought,1
A beautiful symphony of,1
The love in their eyes,1
The reunion was a joyous,1
The discovery opened doors to,1
The peaceful morning was,1
The painting was a masterpiece of,1
The sunset painted the sky with,1
The enthusiasm was contagious,1
The family gathered to celebrate,1
A refreshing sense of,1
Their achievement was a testament to,1
The team spirit was impressive,1
The invention was a breakthrough in,1
A delightful afternoon with,1
The crystal-clear waters of,1
The children's laughter filled,1
The invigorating hike led to,1
The tradition was cherished,1
The passion for the craft was,1
The welcome was overwhelmingly,1
Their journey was filled with,1
The lighthearted atmosphere,1
A touching tribute to,1
The author's eloquence was,1
The radiant energy of,1
The promise of a new beginning,1
The gift was a symbol of,1
The dedication to excellence,1
The city's charm lies in,1
The melodic tune of,1
A sense of wonder at,1
Their love story began with,1
The award was a recognition of,1
The memorable performance left,1
The best part about today was,1
I am grateful for,1
A moment that made me smile was,1
Everyone appreciates when,1
The most wonderful gift is,1
I felt truly happy when,1
A cherished memory is,1
A random act of kindness I witnessed,1
The beauty of nature is,1
An inspiring story I heard was,1
Success comes when,1
I love the way,1
The sound of laughter brings,1
The heartwarming thing about,1
I find joy in,1
The most beautiful place,1
A delightful surprise was,1
Sharing happiness is,1
Compassion is shown when,1
An achievement I'm proud of is,1
The sunrise today was,1
Friendship is when,1
The laughter of children sounds like,1
A positive change I experienced was,1
The taste of my favorite food is,1
Small victories feel,1
I am thankful for,1
The thing I appreciate the most is,1
A touching moment I recall is,1
The kindness of strangers reveals,1
What makes me hopeful is,1
A dream come true happened when,1
The most uplifting music is,1
Happiness is shared when,1
A supportive friend once said,1
A cuddly pet can bring,1
The magic of a sunset is,1
A good book reminds me of,1
The scent of fresh flowers is,1
A child's imagination is like,1
The warmth of a hug feels like,1
I accomplished a goal today when,1
The most loving gesture is,1
I felt proud when,1
The laughter I cherish is when,1
The sound of waves brings,1
When I see a smile it means,1
New beginnings offer,1
The joy of giving feels like,1
The love of family is,1
The taste of success is,1
A beautiful day starts with,1
The thrill of adventure feels like,1
A heart full of gratitude shines when,1
A moment of peace feels,1
The smell of fresh coffee evokes,1
The colors of the rainbow remind me of,1
"In times of need, I find",1
An unexpected compliment felt like,1
The joy in someone’s eyes is,1
I learned to appreciate,1
The melody of a song lifts,1
Celebrating small wins feels,1
The most rewarding experience was,1
Each new day offers,1
A genuine smile can,1
The laughter of a good friend brings,1
Enjoying a sunset feels like,1
The excitement of trying something new is,1
An act of generosity is like,1
The most fulfilling feeling is,1
Sharing a moment of joy creates,1
Finding beauty in simple things is,1
The comfort of a cozy blanket reminds me of,1
The thrill of accomplishment comes from,1
The sun shone brightly as,1
She smiled because,1
The concert was incredible and,1
He laughed joyfully when,1
They felt a sense of pride when,1
The delicious aroma filled the room and,1
She felt happiness wash over her while,1
The surprise party was a huge success because,1
He was thrilled to hear that,1
The team celebrated their victory by,1
She couldn't stop smiling after,1
The beautiful scenery made everyone feel,1
He achieved his dream when,1
The crowd cheered loudly as,1
The news of the promotion filled him with,1
Her heart raced with excitement because,1
The gift was a perfect surprise and,1
He felt a deep sense of gratitude for,1
The harmony of the song created a feeling of,1
She was overjoyed to learn,1
The laughter in the air meant that,1
Their friendship blossomed when,1
His kindness was appreciated by,1
The warm embrace meant everything,1
She found peace in knowing that,1
The baby's giggle brought joy to,1
The award ceremony was unforgettable because,1
They shared a moment of happiness when,1
The garden bloomed beautifully as,1
Her dreams became reality when,1
He felt truly valued due to,1
The community came together to,1
She was praised for her,1
The project was a triumph thanks to,1
The festival was vibrant and,1
He couldn't believe his luck when,1
The celebration was full of,1
The book inspired her to,1
They cheered in excitement for,1
She felt inspired by,1
The journey was rewarding because,1
His achievements were recognized at,1
Their love story began when,1
The delicious meal delighted everyone,1
The sun set beautifully as,1
The joyful reunion brought tears to,1
Her creativity was admired by,1
The cheerful atmosphere made it,1
He found fulfillment in,1
The kindness of strangers made her,1
The team felt hope when,1
The artist's performance was,1
The vacation was relaxing and,1
Her dreams were fulfilled when,1
The sympathy and support uplifted,1
His hard work paid off as,1
The puppy's antics amused everyone,1
The peaceful surroundings helped,1
Her courage shone through in,1
The positive feedback encouraged,1
The bright future awaited them after,1
The music filled the room with,1
She felt contentment knowing,1
The children's laughter was a sign of,1
The adventure was exciting and,1
The garden was a serene place where,1
The encouraging words motivated her to,1
The success of the event was due to,1
The reunion was heartwarming because,1
She expressed her gratitude for,1
The joy of the season was evident in,1
"His generosity was unmatched, and",1
The discovery felt like a breakthrough,1
The kind gesture left him feeling,1
The bright future they envisioned was,1
The day was filled with joy as,1
Everyone was delighted to see,1
The celebration was remarkable because,1
She smiled warmly when,1
We felt a deep sense of happiness when,1
His success was applauded by,1
"The sunrise was breathtaking, casting",1
The award was a testament to her,1
There was a genuine sense of appreciation for,1
The laughter in the room grew when,1
Friendship blossomed as they,1
The melody was soothing and,1
Kindness was evident in,1
The team worked harmoniously to,1
There was a touching moment when,1
Heartfelt gratitude was expressed for,1
The surprise was wonderfully received by,1
She radiated confidence as,1
The atmosphere was festive during,1
"His generosity was unmatched, often",1
There was a strong sense of unity as,1
The warmth of the community was,1
Love was in the air as she,1
Their enthusiasm was contagious when,1
The garden was blooming with,1
He cherished the memory of,1
The concert was an unforgettable experience with,1
The adventure was thrilling because,1
The sense of accomplishment was clear when,1
Their efforts were rewarded by,1
The story was heartwarming and,1
A wave of positivity spread when,1
The support from friends was,1
The festival was a joyful gathering featuring,1
Her creativity shone through in,1
The reunion was filled with happiness and,1
The city was alive with excitement as,1
There was a sense of wonder as,1
Her achievement was celebrated by,1
The day ended on a high note with,1
He was thrilled to discover that,1
The moment was magical when,1
The children's laughter echoed as,1
There was a sense of peace when,1
The aroma of fresh flowers was,1
They shared a moment of triumph as,1
The journey was fulfilling because,1
Her bright smile lit up the room when,1
There was a burst of joy when,1
The artwork was praised for its,1
The sunny day was perfect for,1
Their dedication paid off as,1
She felt a deep sense of contentment after,1
The puppy's playful antics were,1
The kindness of strangers was,1
The new opportunity was exciting and,1
His voice was calming as,1
The sunset painted the sky with,1
Her hard work resulted in,1
The possibility of success was,1
The fresh start was invigorating for,1
Her perseverance led to,1
The delightful taste of the dish was,1
His friendship was a source of,1
They were charmed by,1
The concert was a masterpiece that,1
The support from family was,1
The simple pleasure of a walk in,1
Her positive attitude inspired,1
The magic of the season was,1
The promise of a new beginning was,1
The warmth of the fire was,1
Her laughter brightened the day as,1
The joy of learning was,1
Their bond grew stronger as,1
The beautiful sunrise this morning reminded me of,1
I just received the best news about,1
The garden was filled with vibrant colors like,1
My favorite childhood memory is,1
Celebrating this special occasion with friends means,1
I feel truly grateful for,1
The laughter of loved ones during dinner made me realize,1
I can't believe how lucky I am to,1
The new project at work has been,1
Spending time with my family always brings me,1
The sweet aroma of the freshly baked cookies,1
The peaceful sound of the waves crashing on the shore,1
Achieving this milestone has made me feel,1
Discovering a new hobby that I love,1
The kindness of strangers can really,1
I feel so inspired after reading,1
This delicious meal reminds me of,1
The gentle breeze on a warm day,1
Music has a way of uplifting my,1
Watching the stars on a clear night makes me feel,1
I couldn't stop smiling when,1
The generosity of others never ceases to,1
Receiving a heartfelt letter from,1
Helping someone in need brings,1
My best friend always knows how to make me,1
The festival was filled with joy and,1
Completing this goal has given me a sense of,1
Looking at old photos brings a sense of,1
A random act of kindness always,1
Feeling the warmth of the sun on my face,1
Being surrounded by nature makes me feel,1
A surprise gift from a loved one made my,1
The success of our team project is truly,1
Seeing my favorite band live filled me with,1
The first sip of my morning coffee,1
I am incredibly proud of,1
The sound of children playing in the park is,1
I can't wait to explore new places and,1
Feeling appreciated for my hard work at,1
The support of my friends and family is,1
The excitement of starting a new chapter in,1
Discovering a new favorite book brings,1
The satisfaction of finishing a challenging task,1
The beauty of a blooming flower,1
Finding joy in the little things like,1
The anticipation of a long-awaited reunion,1
The adventure of traveling to new destinations,1
Learning something new excites,1
The sweet melody of my favorite song,1
A heartfelt compliment from,1
The taste of my favorite dessert always,1
Having a good laugh with friends,1
The smell of fresh rain on a summer day,1
Feeling content after a productive day,1
The excitement of trying a new recipe,1
The first snowfall of the season brings,1
Experiencing different cultures has enriched,1
A peaceful walk in the forest,1
The joy of giving a thoughtful gift,1
The sound of a crackling fireplace,1
The thrill of a new adventure,1
Watching a breathtaking sunset makes me feel,1
The sensation of achieving personal growth,1
A relaxing weekend getaway to,1
The unconditional love of a pet brings,1
The delight of a spontaneous road trip,1
The excitement of learning a new skill,1
The tranquility of a quiet morning,1
The inspiration from a moving story or,1
A day spent with loved ones always,1
Finding beauty in unexpected places like,1
The joy of creating something with my own hands,1
The feeling of closeness with loved ones during,1
The sweetness of a sincere apology,1
Celebrating small victories feels,1
The beautiful sunrise filled the sky with,1
I felt immense joy when,1
The cheerful laughter of children,1
A kind gesture can,1
The delicious aroma of freshly baked bread,1
She smiled brightly as she realized,1
"To my delight, the garden was",1
There's nothing more comforting than,1
The team's hard work paid off when,1
It was a day full of happiness and,1
The gentle sound of waves crashing,1
He won everyone over with his,1
The celebration was a huge success because,1
Her generosity was evident when,1
The surprise party was a wonderful,1
I was thrilled when I heard the news that,1
The festival was a dazzling display of,1
The glowing reviews meant so much to,1
She felt blessed when,1
The sound of birds chirping in the morning,1
His inspiring words encouraged,1
The harmony of the orchestra filled the room with,1
It was a peaceful moment under the,1
The success of the project brought,1
Her presence brought a sense of,1
I felt a wave of relief when,1
The vibrant colors of the sunset,1
Friends gathered together to celebrate,1
He was overjoyed to discover,1
The atmosphere was filled with excitement and,1
The book's uplifting message was,1
They found solace in each other’s,1
The crisp winter air and a warm cup of cocoa,1
The heartwarming story of friendship,1
The concert was an unforgettable experience filled with,1
Their gratitude was expressed through,1
"On this special occasion, we",1
She felt a sense of accomplishment after,1
The blooming flowers in the garden,1
A heartfelt thank you can,1
There is nothing more rewarding than,1
The supportive community created an environment of,1
The painting conveyed a sense of,1
His optimism was contagious as,1
Her determination and hard work paid off when,1
The scenic view at the top of the mountain,1
The warmth of the sun on a spring day,1
Hearing my favorite song on the radio made me,1
The encouragement from friends and family,1
The serenity of the quiet lake,1
The pure joy of a child's laughter,1
A smile can go a long way to,1
The cozy atmosphere of the cabin in the woods,1
The taste of homemade cookies brought back,1
A sense of pride filled the room as,1
Their unwavering support gave me,1
Adventure awaited as we,1
The garden was a vibrant explosion of,1
The harmonious blend of flavors created a,1
The awe-inspiring beauty of the night sky,1
He felt a deep sense of fulfillment when,1
The festive decorations brought a sense of,1
Her creative spirit was evident in,1
The positive energy in the room was palpable,1
The collaboration resulted in a,1
Their laughter echoed in the hall as,1
The overwhelming feeling of love and,1
A renewed sense of hope emerged as,1
The gentle touch of a loved one,1
The anticipation of a new beginning,1
The melodic tune lifted everyone's,1
The supportive feedback encouraged,1
The peacefulness of a morning walk in nature,1
Her success was celebrated by,1
The empowering moment when,1
The best part about today is,1
I absolutely love when,1
There's nothing more wonderful than,1
My favorite memory is,1
It's so inspiring to see,1
I can't help but smile because,1
The beauty of life is,1
One thing I'm grateful for is,1
An act of kindness I witnessed,1
The reason I'm feeling happy today is,1
It's heartwarming to know,1
I was pleasantly surprised by,1
I'm truly excited about,1
There's so much joy in,1
I felt a sense of peace when,1
It was a delight to discover,1
One of the happiest moments was,1
It's amazing how,1
I felt proud when,1
I was thrilled to learn,1
It's always a pleasure to,1
My heart was touched by,1
There's something magical about,1
I find comfort in,1
One of my greatest achievements is,1
The thing that makes me laugh the most is,1
I'm blessed because,1
The best advice I ever received was,1
A surprising joy in my life is,1
My dream is coming true because,1
I am thankful for,1
A happy coincidence happened when,1
I'm feeling optimistic about,1
There's something to celebrate because,1
I was overjoyed to hear,1
The future looks bright as,1
It's uplifting to realize,1
I felt enchanted when,1
The best compliment I received was,1
A sweet moment happened when,1
I feel fortunate because,1
I cherish the times when,1
It's rewarding to,1
I was delighted by,1
It's reassuring to know,1
A sense of achievement came from,1
I am honored by,1
I'm in high spirits because,1
It's fulfilling to see,1
The joy of giving is,1
It's gratifying when,1
I feel inspired by,1
There's a joyful surprise in,1
I'm content with,1
I was amazed when,1
It's encouraging to witness,1
I felt elated when,1
My heart soars when,1
The thrill of discovery is,1
It's satisfying to,1
I appreciate when,1
The greatest gift is,1
A moment of joy was,1
I treasure the times when,1
It's lovely to experience,1
I felt blissful because,1
An unforgettable positive experience is,1
I'm in awe of,1
The warmth of friendship is,1
I was lucky to,1
A highlight of my day was,1
It's refreshing to see,1
I find joy in,1
The happiness of others brings me,1
I felt alive when,1
The sun shone brightly as,1
"On a perfect day, she discovered",1
"With a joyful heart, he decided to",1
The surprise gift made her feel,1
In a world full of opportunities,1
His laughter filled the room with,1
The sound of children's laughter,1
"In the beautiful garden, she found",1
"With grateful eyes, he witnessed",1
The delicious aroma of home-cooked,1
"Surrounded by friends, she felt",1
The celebration brought everyone,1
"Under the clear blue sky, they enjoyed",1
"With hope in their hearts, they began",1
The kind gesture reminded him,1
"In perfect harmony, the choir sang",1
"With success in mind, she embarked on",1
The breathtaking view left them,1
"In the cozy little cottage, they discovered",1
The joyful reunion marked the beginning,1
"On a sunny afternoon, they decided",1
The happy memories flooded back when,1
Her generous nature inspired so many,1
The thrilling adventure led them,1
The heartfelt words resonated with,1
"Every morning, the smell of fresh coffee",1
The unexpected compliment brightened,1
The melody of the song filled them with,1
He realized dreams can come true when,1
"With every passing day, their love grew",1
A gentle breeze carried the scent of,1
The excitement in the air was,1
Knowing they were loved brought,1
The inspiring story touched everyone's,1
A peaceful evening by the fireplace,1
The new opportunity was a sign of,1
Her courage to overcome obstacles,1
As the fireworks lit up the night,1
The sweet taste of success lingered,1
"In awe of nature's beauty, they",1
The warm welcome made them feel,1
"Surrounded by beautiful music, he felt",1
The cozy ambiance of the cafe,1
"Filled with enthusiasm, they set out to",1
The kindness of strangers surprised,1
A shared moment of laughter created,1
Her joyful spirit was contagious,1
The comforting presence of loved ones,1
"With renewed energy, he started",1
The magic of the moment was,1
Every corner of the town held,1
The freshly bloomed flowers were,1
A sense of wonder enveloped them,1
"Together, they accomplished",1
"With a satisfied smile, she",1
The moment was perfect for,1
The shining stars were a reminder,1
His thoughtful words brought,1
"In the joyous celebration, they",1
She embraced the future with,1
His unwavering determination led to,1
The sound of the waves was,1
A delicious feast awaited them at,1
The warmth of the sun was,1
"With a heart full of gratitude, she",1
The positive outlook on life,1
The laughter shared under the twinkling,1
The vibrant colors of the festival were,1
"On an adventure, they found",1
A success story that ignited,1
Her passion for life was,1
The comforting routine of everyday,1
He found peace in solitude with,1
The majestic mountains inspired,1
Together they envisioned a future full of,1
I am thrilled to announce,1
The beautiful view from,1
I am grateful for,1
The taste of fresh,1
I am so proud of,1
A heartfelt congratulations to,1
The success of our team,1
I am hopeful about,1
The joy of spending time,1
I feel inspired by,1
The kindness of strangers,1
I am looking forward to,1
The laughter filled the room,1
The warmth of a hug,1
I am delighted to share,1
The happiness I felt when,1
Our achievements this year,1
The blissful sound of,1
A day full of sunshine,1
I cherish the moments,1
The beauty of nature,1
I am excited about,1
The generosity of a friend,1
I felt uplifted by,1
The comfort of a cozy,1
I am thankful for,1
The excitement of discovering,1
A dream come true,1
The love and support of,1
I am impressed by,1
A peaceful and serene,1
I am joyous about,1
The satisfaction of completing,1
A sweet memory of,1
I am overjoyed with,1
I appreciate the effort,1
The warmth of the sun,1
I felt a sense of calm,1
I am optimistic about,1
The delight of receiving,1
A wonderful surprise from,1
I am touched by,1
The thrill of adventure,1
A magical moment when,1
I am energized by,1
The beauty of a sunrise,1
I am enthusiastic about,1
The comfort of being with,1
A rewarding experience in,1
I am fulfilled by,1
The joy of learning,1
A positive change in,1
I am happy to see,1
The perks of working with,1
I am amazed by,1
A little bit of kindness,1
I am blessed to have,1
The strength of community,1
A harmonious balance between,1
I am proud of myself for,1
The excitement of meeting,1
I am inspired by the,1
The joy of accomplishment,1
I have a strong admiration for,1
The warmth of family,1
I am enthused to,1
An incredible journey with,1
I have fond memories of,1
The pleasure of a good book,1
I am relieved to find,1
The satisfaction of helping,1
I am appreciative of,1
The joy in a simple,1
A positive outcome from,1
I found happiness in,1
The beautiful sunrise over the ocean,1
I was thrilled when I received,1
Everyone cheered as the team,1
The delicious aroma of freshly baked,1
She was overjoyed to find,1
His generous offer made everyone,1
I felt a surge of pride when,1
The joyful laughter of children filled,1
The garden blossomed with vibrant,1
Her smile lit up the room,1
Everyone was excited to begin,1
The surprise gift brought tears of,1
They celebrated their victory with,1
His kind words made a huge,1
The peaceful sound of the waves,1
She was delighted to discover,1
The restaurant received rave reviews for,1
He was pleasantly surprised by,1
The warm hug from a friend,1
A sense of accomplishment washed over,1
The melody of the song uplifted,1
The genuine warmth in her voice,1
They were grateful for the opportunity,1
The festival was a huge success with,1
I was filled with admiration when,1
The moment was perfect as,1
Her compassionate act inspired,1
The colorful fireworks lit up,1
They found joy in small moments like,1
The sense of unity among the group,1
His infectious enthusiasm encouraged,1
The kindness of strangers made,1
She felt at peace when,1
The delicious meal was complemented by,1
Their friendship grew stronger with,1
The garden was a haven of,1
The beautiful music brought everyone,1
The positive feedback boosted,1
The incredible view took their breath,1
He felt immense gratitude for,1
The support from the community was,1
Her cheerful attitude brightened,1
They shared a heartwarming story about,1
He expressed genuine happiness when,1
The good news arrived just in time,1
Her dedication paid off when,1
The celebration was a testament to,1
A sense of hope filled the room,1
The peaceful walk through the forest,1
Their shared laughter over a simple,1
Her passion for the project shone,1
The warm welcome made them feel,1
The beauty of the artwork captivated,1
A wave of relief washed over,1
The delicious dessert was the perfect,1
They cherished the memories of,1
The wonderful surprise left them,1
The team's hard work was rewarded,1
The positive atmosphere at the event,1
Her encouragement gave him the,1
The lovely weather lifted everyone's,1
They embraced the challenge with,1
The heartwarming reunion between,1
His thoughtful gesture was appreciated,1
The delightful discovery of a new,1
She was proud to witness the,1
The community came together to,1
The mesmerizing sunset painted the,1
The sound of applause filled the,1
Their gratitude for the experience was,1
They enjoyed every moment of the,1
He was elated to receive the,1
The inspiring journey led them to,1
Her joy was evident when she,1
The enchanting beauty of the landscape,1
The stormy weather disrupted travel plans,0
The deep disappointment was hard to disguise,0
The argument left a lingering sense of resentment,0
The unexpected betrayal was heartbreaking,0
The tragic news spread quickly through the town,0
The ominous clouds gathered overhead,0
The sudden loss of the family pet was devastating,0
The eerie silence filled the empty hallway,0
The unfair treatment left him feeling angry,0
The difficult decision weighed heavily on her mind,0
The relentless pressure led to burnout,0
The constant criticism was demoralizing,0
The broken promise shattered their trust,0
The harsh reality set in with a cold chill,0
The unsettling feeling of being watched,0
The fear of the unknown was paralyzing,0
The bitter rivalry escalated tensions,0
The painful reminder of past mistakes,0
The looming deadline increased anxiety,0
The toxic atmosphere in the workplace,0
The unresolved conflict stirred inner turmoil,0
The news of the accident was alarming,0
The feeling of isolation was suffocating,0
The failed attempt led to discouragement,0
The harsh words cut deep into her heart,0
The rejection letter was a devastating blow,0
The sound of sirens broke the night's silence,0
The chilling wind pierced through his coat,0
The haunting memory kept her awake at night,0
The awkward silence during the dinner,0
The impending crisis loomed over everyone,0
The unexpected cancellation was frustrating,0
The late-night argument ended in tears,0
The tension in the room was palpable,0
The bitter disappointment lingered for weeks,0
The neglect left a lasting impact on the child,0
The foreboding sense of danger was undeniable,0
The dwindling hope was hard to revive,0
The oppressive heat made everything unbearable,0
The relentless gossip tarnished her reputation,0
The crumbling relationship was beyond repair,0
The missed opportunity filled him with regret,0
The sudden outburst left everyone shocked,0
The harsh judgment was unfair and unjust,0
The realization of failure was soul-crushing,0
The unexpected expense caused significant stress,0
The broken commitment was impossible to ignore,0
The endless waiting tested their patience,0
The pungent smell of decay was nauseating,0
The derelict building was a sad reminder of decay,0
The dark clouds overshadowed the,0
She was heartbroken when she found,0
The argument left everyone feeling,0
The missed opportunity caused,0
The eerie silence in the house was,0
"Overwhelmed by stress, he couldn't",0
The broken promise resulted in,0
"As the storm approached, they felt",0
The disappointing news was,0
"Despite their efforts, they faced",0
The unsettling rumors began to,0
Her heart sank when she realized,0
The tragedy left a lasting,0
The neglected garden was filled with,0
The failed experiment brought,0
"In the dim light, the atmosphere was",0
Their relationship ended with,0
The empty streets were a reminder of,0
The growing tension in the room was,0
"As the harsh words were spoken, they",0
The forgotten birthday led to,0
The betrayal was difficult to,0
The loss of the championship was,0
Her tears were a sign of,0
The eerie echo in the hallway created,0
The sudden layoff left him feeling,0
The rejection letter added to her,0
Desperation filled their hearts as,0
The haunted look in his eyes was,0
The destruction caused by the fire was,0
"As the days passed, the feeling of",0
The cancellation of the event brought,0
The dilapidated building stood as,0
Darkness engulfed the once lively,0
"As the illness spread, the community",0
Losing the heirloom was a painful,0
The unsettling news report was,0
The forgotten voices cried out in,0
The dwindling resources led to,0
She regretted her decision when,0
His loneliness grew as,0
The disagreement escalated into,0
The abandoned project was a result of,0
Their fading memories were signs of,0
The ominous feeling lingered as,0
The scarcity of supplies caused,0
The strained relationship between them was,0
The silent treatment was their way of,0
The downfall of the company was,0
"Without resolution, the issue remained",0
The day everything fell apart was when,0
I felt utterly lost when,0
A terrible mistake led to,0
The disappointment lingered after,0
The pain of a broken promise,0
When trust was shattered unexpectedly,0
The fear of losing something precious,0
Darkness set in when,0
The sadness in saying goodbye to,0
The burden of unfulfilled dreams,0
A moment of regret occurred when,0
The heavy weight of guilt from,0
The dread of facing the unknown,0
An uncomfortable silence hung in the air,0
The bitterness of envy crept in,0
The wounds of betrayal deepened when,0
When conflict divides those you love,0
The despair in realizing a loss,0
Letting go of someone dear,0
The heartache of being misunderstood,0
A sense of emptiness after,0
The sting of harsh words spoken,0
Standing alone in a crowded room felt,0
The injustice I witnessed that day,0
The sorrow of a missed opportunity,0
The frustration of plans falling apart,0
An unexpected turn for the worse,0
A deep-seated fear emerged when,0
The anxiety of not knowing what to expect,0
The overwhelming pressure to succeed,0
The hopelessness of a dream fading,0
The darkness of doubt overshadowed,0
When everything seemed to go wrong,0
The disappointment in someone trusted,0
The tears shed in solitude were,0
The chaos left in the aftermath of,0
Feeling trapped by circumstances,0
The constant worry over looming challenges,0
A rift between friends expanded,0
The never-ending cycle of failure,0
A shattered confidence in my abilities,0
Facing the harsh reality of,0
The emptiness in a hollow victory,0
A consuming sense of loneliness,0
The loss that left a mark,0
The inability to right a wrong,0
A disheartening realization that,0
The sadness of an unresolved conflict,0
A struggle that seemed insurmountable when,0
Witnessing the futility of an effort,0
The regrets that echo from past decisions,0
A chilling realization dawned upon me,0
The powerlessness in watching someone suffer,0
A sense of failure permeated when,0
The missteps that led to,0
The unending questions with no answers,0
An unsettling feeling grew when,0
Confronting the truth about,0
The feeling of being left behind,0
The haunting memories of yesterday,0
An unresolved grief from loss,0
The exhaustion from trying too hard,0
A bleak outlook on the horizon,0
The shock of unexpected bad news,0
Watching dreams slip away,0
Yearning for what once was,0
The discomfort of an uneasy truce,0
When hope seemed out of reach,0
A critical failure that led to,0
The disillusionment of unmet expectations,0
A debilitating fear overcame me,0
The emptiness after something cherished was gone,0
A realization that tore my world apart,0
An unshakable doubt about the future,0
The sadness of letting go of the past,0
"As the storm clouds gathered, he felt",0
The broken promises left them feeling,0
"In the silence of the empty house, she",0
"His harsh words cut through, making her",0
The once vibrant garden now seemed,0
"With the sudden loss, they felt",0
The distant sound of the sirens was,0
"As the project failed, he was",0
"In the midst of the argument, they",0
The eerie silence of the night made him,0
"With the departure of her friend, she",0
The fallen leaves and bare trees were,0
"Watching the heart-wrenching news, they",0
The endless traffic jam was,0
"With each missed opportunity, he",0
The bitter taste of the coffee was,0
Seeing the disappointment in her eyes made him,0
The dreary weather continued to be,0
"After the confrontation, they felt",0
The regret of past mistakes lingered as,0
The coldness in his voice was,0
"In the shadow of doubt, she felt",0
The burden of expectations weighed on,0
The loss of trust in the relationship was,0
"In the aftermath of the accident, they",0
The tears in her eyes spoke of,0
"As the deadline loomed, he",0
The distant memory of the betrayal was,0
The broken glass scattered on the floor was,0
"In the face of adversity, she felt",0
The unspoken words between them were,0
"With each passing day, the emptiness",0
The unresolved conflicts left them,0
The haunting melody was filled with,0
The failure of the mission was,0
"As the arguments escalated, they",0
The finality in his goodbye was,0
The bleak outlook for the future made,0
The haunting echo of his footsteps was,0
Their shattered dreams were evident,0
"With the weight of guilt, she",0
The fierce competition led to,0
The road ahead looked,0
The ominous feeling in the room was,0
"With the absence of hope, they",0
The relentless pressure of the situation was,0
Seeing the emptiness in his expression made her,0
The news of the layoff came as,0
"Under the shadow of misunderstanding, they",0
The sense of isolation in the crowd was,0
"With the confrontation, the tension",0
"Seeing the damage after the storm, they felt",0
The hollow victory was,0
The eerie glow of the moon made,0
"Amidst the accusations, she felt",0
The unanswered questions lingered,0
The uncomfortable silence was,0
The bitter end to the relationship was,0
The cold stare in his eyes was,0
"In the clutch of despair, she felt",0
The predictability of the routine was,0
"Faced with the harsh reality, he",0
The monochrome landscape appeared,0
The chaotic aftermath of the event was,0
"As time slipped away, they felt",0
The signs of neglect in the building were,0
The pain of separation was,0
The memories of the argument were,0
The silence after the storm felt,0
The regret of missed chances was,0
The disappointing results were,0
"With the finality of the decision, they felt",0
The chilling winds of the winter were,0
"Watching the decline of the city, they",0
The oppressive atmosphere in the room was,0
I was disappointed to learn,0
The worst aspect of,0
I can't believe the audacity of,0
His anger was a torrent of,0
The devastation caused by,0
Their betrayal shattered,0
Nothing prepares you for the sorrow of,0
The conflict overshadowed,0
The failure of the project was due to,0
Her indifference was chilling,0
The chaos erupted during,0
The tension in the air was,0
The tragic event led to,0
Their mistrust felt like,0
The stench of decay,0
The emptiness echoed through,0
A forgettable journey filled with,0
The disaster left everyone,0
A sense of dread enveloped,0
Their negligence resulted in,0
The grim view cast,0
The argument brought about,0
The reckless decision led to,0
The protest was a fiery,0
The bland taste of the food,0
His incompetence was evident in,0
The community divided over,0
The dull monotony of the,0
The tension sparked by,0
The bitter disappointment was,0
The discord of the crowd,0
Everyone grimaced at,0
A moment of pure despair,0
The ordeal was a tale of,0
The harsh criticism expressed,0
The garden withered under,0
The suffocating heat carried,0
The meal was ruined by,0
The cruelty shown by,0
The book was a tedious,0
The chaotic scenes brought,0
A discordant symphony of,0
The hatred in their eyes,0
The departure was a sorrowful,0
The collapse led to,0
The stormy night was,0
The artwork was a jumble of,0
The storm darkened the sky with,0
The negativity was pervasive,0
The community fractured by,0
A troubling sense of,0
Their failure was a result of,0
The division was apparent,0
The scheme was a catastrophic,0
A dreary evening with,0
The murky waters of,0
The cries of anguish filled,0
The exhausting trek led to,0
The conflict was unresolved,0
The disdain for the task was,0
The reception was coldly,0
Their journey was fraught with,0
The oppressive atmosphere,0
A bitter reminder of,0
The author's cynicism was,0
The draining energy of,0
The end of the road,0
The loss was a reminder of,0
The obsession led to,0
The city's bleakness lies in,0
The haunting echo of,0
A sense of loss at,0
Their downfall began with,0
The scandal was a revelation of,0
The disappointing performance left,0
The most challenging part about today was,0
I feel frustrated when,0
A disappointment I faced was,0
The worst feeling is,0
I regret that,0
A moment of sadness was,0
The harsh reality is,0
One thing I fear is,0
The sound of silence is,0
A heartbreaking loss was,0
I feel anxious about,0
The pain of losing someone is,0
A difficult memory is,0
The most hurtful words are,0
I feel lonely when,0
The struggle of getting through,0
The weight of expectations feels,0
A moment of grief was,0
The lack of understanding is,0
An uncomfortable truth is,0
The most stressful situation is,0
A broken promise leaves,0
I feel helpless when,0
The darkness of night reminds me of,0
The burden of guilt is,0
A feeling of betrayal feels,0
I am worried about,0
The struggle to overcome is,0
The feeling of failure is,0
I often doubt when,0
The uncertainty of the future is,0
A feeling of sorrow comes from,0
The pressure to succeed feels,0
The emptiness of,0
I felt let down when,0
The harsh judgment of others,0
The problem with,0
A troubling thought is,0
The sound of tears is,0
The fear of the unknown,0
A difficult challenge I faced was,0
The feeling of inadequacy is,0
I feel disheartened by,0
The sadness in someone’s eyes is,0
The disappointment of,0
"When hopes fade, I feel",0
Letting go of,0
The end of a relationship brings,0
The anxiety of not knowing,0
A loss of trust feels,0
The feeling of isolation is,0
The difficulty in forgiving,0
The sadness of,0
An overwhelming feeling is,0
The struggle to find,0
The weight of the past remains,0
A misunderstanding left,0
The fear of failure is,0
The burden of responsibility,0
The ache of missing,0
The haunting of regrets,0
The transition from joy to sorrow,0
A moment of despair was,0
The refusal of,0
The reality of being alone,0
An unsettling feeling in,0
The separation from loved ones,0
The difficulty in moving forward,0
When dreams are shattered,0
The exhaustion from,0
A feeling of emptiness inside,0
The struggle of change is,0
The regret of words unspoken,0
When hope seems distant,0
The shadow of doubt lingers,0
The storm clouds gathered as,0
She couldn't shake the feeling of,0
The argument left him feeling,0
He regretted his decision to,0
The news of the disaster was,0
Her tears fell silently as,0
The loneliness enveloped her when,0
The mistake led to,0
He was overwhelmed with anxiety because,0
The deadline loomed over them like,0
She was heartbroken when,0
The feeling of betrayal was,0
The failed attempt left a sense of,0
Their hopes were dashed when,0
The silence in the room was,0
He faced rejection once again as,0
The empty promises led to,0
Her sadness was palpable during,0
The harsh criticism made,0
He felt inadequate after,0
The darkness of the night mirrored,0
The pain of loss was unbearable when,0
The broken trust meant that,0
The fear in her eyes was,0
His anger erupted at,0
The bitter reality set in as,0
The disappointment was evident because,0
She couldn't escape the guilt of,0
The troubling news spread,0
The chaotic scene was filled with,0
The heartbreak lingered after,0
The tension in the air was,0
His frustration grew as,0
The threat was real and,0
The feeling of emptiness consumed,0
The struggle was ongoing in,0
The desperation was clear when,0
Her resentment towards,0
He felt defeated by,0
The haunting memory remained,0
The burden was heavy because,0
The grief weighed on them during,0
The harsh reality hit when,0
She felt trapped in,0
The worry kept him awake as,0
Her disappointment knew no bounds after,0
The problem was unavoidable when,0
The accusation led to,0
The regret was deep as,0
The constant pressure caused,0
She felt overlooked in,0
The misunderstanding resulted in,0
The isolation was suffocating because,0
He feared the worst when,0
The turmoil continued while,0
His heart sank at the thought of,0
The endless waiting was,0
The insecurity loomed large,0
The fight left a scar on,0
The hopelessness was apparent,0
They struggled to cope with,0
The realization was painfully,0
The chaos unfolded as,0
The burden of responsibility was,0
Her doubt crept in during,0
The tears couldn't be contained after,0
The fear of failure haunted him,0
The reality of the situation was,0
She couldn't forgive the act of,0
The depth of despair was,0
The frustration boiled over in,0
His regret was undeniable as,0
The sadness lingered even after,0
The challenge seemed insurmountable because,0
The loss was profound and,0
The room fell silent when,0
He felt a deep sense of loss after,0
The disappointment was palpable as,0
"The weather was gloomy, casting",0
There was an unsettling feeling when,0
The argument left them feeling,0
She couldn't shake the feeling of,0
The betrayal was hard to,0
Their efforts were thwarted by,0
The news left him devastated because,0
There was a lingering sadness as,0
The failure was difficult to accept,0
The tension in the air was,0
The harsh words were difficult to,0
Her regret was clear after,0
The storm loomed ominously over,0
He was haunted by memories of,0
The feeling of emptiness persisted because,0
The goodbye was bittersweet and,0
The darkness of the night was,0
Their fears were realized when,0
The loss was profound and,0
She was overwhelmed by a sense of,0
The project collapsed under,0
His lack of empathy caused,0
The sadness in their eyes was,0
The reality was harsh for,0
The abandoned house stood as,0
The silence between them grew,0
The uncertainty was unsettling for,0
The failing health of his,0
Her anxiety was heightened by,0
The broken promise left,0
The loneliness was suffocating as,0
He was consumed by anger when,0
The feeling of helplessness,0
The fear of the unknown was,0
The failed attempt resulted in,0
The bitter taste of defeat was,0
The heaviness of the situation,0
Her frustration was evident in,0
The storm's aftermath was,0
The reality of the situation hit,0
There was a sense of dread when,0
The lost opportunity was,0
His sorrow was profound when,0
The disagreement escalated into,0
The harsh judgment from others,0
She struggled with the weight of,0
The future seemed bleak as,0
The journey was fraught with challenges,0
The rejection left a mark on,0
The night brought with it,0
His dreams were shattered by,0
The confrontation was inevitable and,0
The haunted past was,0
The anguish was overwhelming for,0
The burden was heavy because,0
The constant pressure led to,0
The tragedy was a reminder of,0
The distance between them grew,0
The silence was deafening after,0
The bitter truth was,0
The shattered trust was,0
The fear gripped her as,0
The chaos of the situation was,0
He was resigned to his fate,0
The mistake was impossible to,0
The haunting uncertainty of,0
The realization was crushing for,0
The painful memory of,0
The ominous clouds gathered as,0
The broken relationship was,0
The sorrowful goodbye lingered,0
The echo of doubt resonated,0
The loss of someone close to me felt like,0
A missed opportunity that I regret is,0
Facing a difficult challenge at work made me,0
The harsh words from a friend left me feeling,0
The pain of losing something valuable,0
The relentless pressure to succeed led to,0
Witnessing a heartbreaking scene reminded me of,0
The frustrating wait for,0
Hearing the news of the disaster made me feel,0
The overwhelming stress of a deadline brought,0
The struggle to overcome an obstacle like,0
The disappointment of not achieving a goal,0
Anxiety about the uncertainty of the future,0
Feeling isolated from friends and family during,0
The bitterness of a broken relationship,0
The difficulty in coping with change made me,0
Dealing with negative feedback from,0
The sadness of saying goodbye to,0
The emptiness after a major loss,0
A misunderstanding that led to,0
The heavy burden of unmet expectations,0
Experiencing injustice reminded me of,0
The heartache of unrequited feelings,0
Feeling trapped in a situation without,0
The fear of failure that held me back from,0
Being let down by someone I trusted,0
Witnessing the suffering of others,0
The frustration of plans falling apart,0
Grappling with feelings of inadequacy,0
The melancholy of a lonely evening,0
The embarrassment of making a public mistake,0
The anger of being misunderstood by,0
Feeling overwhelmed by life's responsibilities,0
The guilt of a past decision still,0
The disillusionment after a betrayal,0
The harsh reality of inequality,0
The sadness of a dream that's out of reach,0
The irritation of constant interruptions,0
The despair of witnessing environmental damage,0
The haunting memories of a painful experience,0
Feeling powerless to change a situation,0
The sorrow of lost opportunities,0
The discomfort of admitting a mistake,0
The shock of unexpected bad news,0
The weariness from endless conflict,0
The grief of a cherished memory,0
The nuisance of dealing with everyday hassles,0
The resentment of being undervalued,0
The hopelessness in facing an unsolvable problem,0
The turmoil of inner conflict that,0
The regret of a rash decision that,0
The sadness of watching a friend in pain,0
The anxiety of facing an uncertain future,0
The disappointment of unmet expectations,0
The struggle with self-doubt and insecurity,0
The disheartening news about,0
Facing constant criticism from,0
The loneliness in a crowded room,0
The feeling of being stuck in a rut with,0
The emotional drain of constant negativity,0
The fear of the unknown can be,0
The irritation of dealing with bureaucracy,0
The emptiness when surrounded by silence,0
The despair of feeling disconnected from,0
The hopelessness that accompanies failure,0
A sleepless night filled with worries about,0
The anger of witnessing unfair treatment,0
The dread of impending change brings,0
Feeling invisible in a world full of people,0
The confusion of mixed signals from,0
The heartache from a broken promise,0
The unease with unfamiliar situations,0
The bitterness of holding a grudge,0
The stress of juggling too many responsibilities,0
The sorrow of realizing a mistake too late,0
The dark clouds gathered ominously as,0
The heartbreaking news left me feeling,0
His words were sharp and cut deep into,0
The overwhelming stress of the situation caused,0
She felt a sense of dread when,0
The project's failure was a devastating blow,0
The chilly winds and gray skies brought a sense of,0
The sense of betrayal lingered after,0
"The argument escalated quickly, leading to",0
The ominous silence filled the room after,0
The harsh reality of the situation was,0
The loneliness was palpable as,0
His angry outburst shocked,0
The loss was too much to bear for,0
The unexpected setback sent everything spiraling into,0
The tension in the air was almost,0
The fear of the unknown loomed over,0
The criticism was harsh and left,0
The disappointment was evident when,0
She felt trapped in a cycle of,0
The haunting memories of,0
The sense of emptiness after,0
The unsettling news created a ripple of,0
His dismissive attitude was,0
The shadow of doubt crept in as,0
The feeling of inadequacy overwhelmed,0
The tragic outcome of,0
The void left by their absence was,0
He was consumed by regret over,0
The relentless pressure to,0
The destructive force of,0
Her struggle with uncertainty caused,0
The heavy burden of guilt weighed on,0
The somber atmosphere lingered after,0
The decline of the once-thriving,0
The silence was deafening in the wake of,0
The oppressive heat made everything,0
The stark contrast between expectation and,0
The devastating impact of the loss,0
The bitterness of,0
The struggle for acceptance was,0
The harsh glare of reality,0
She felt the sting of rejection when,0
The guilt of past mistakes,0
The constant worry about,0
The burden of responsibility was,0
The destructive behavior led to,0
The ominous feeling that,0
The remnants of a fractured,0
The scarcity of hope in,0
The suffocating feeling of,0
The abrupt ending left,0
The turbulent relationship resulted in,0
The pain of separation was,0
The obstacles seemed insurmountable,0
The isolation was suffocating as,0
The bitterness lingered after,0
The tragic accident left,0
The broken trust between,0
The foreboding sense of,0
The dissonance among the group,0
The relentless negativity created,0
The fear of failure loomed over,0
The inability to change the,0
The stark reality set in when,0
The lingering doubt prevented,0
The feeling of helplessness when,0
The abandoned dreams were,0
The shattered hopes and,0
The darkness surrounded,0
The corrosive influence of,0
The anxious anticipation of,0
The feeling of defeat was,0
The memory of the painful,0
The long-lasting consequences of,0
The most frustrating thing about today is,0
I can't stand it when,0
There's nothing worse than,0
A memory I'd rather forget is,0
It's so disappointing to see,0
I feel uneasy because,0
The hardest part of life is,0
One thing that annoys me is,0
A mistake I regret,0
The reason I'm feeling down today is,0
It's disheartening to know,0
I was shocked by,0
I'm worried about,0
There's so much sadness in,0
I felt a sense of loss when,0
It was a letdown to discover,0
One of the saddest moments was,0
It's dreadful how,0
I felt embarrassed when,0
I was alarmed to learn,0
It's always difficult to,0
My heart was broken by,0
There's something troubling about,0
I feel anxious around,0
One of my biggest fears is,0
The thing that angers me the most is,0
I'm distressed because,0
The worst advice I ever received was,0
A frustrating challenge in my life is,0
My dream is fading because,0
I am concerned about,0
A painful memory arose when,0
I'm feeling pessimistic about,0
There's something to be wary of,0
I was hurt to hear,0
The future looks bleak as,0
It's unsettling to realize,0
I felt disturbed when,0
The worst insult I received was,0
A sour moment happened when,0
I feel helpless because,0
I dread the times when,0
It's daunting to,0
I was angered by,0
It's distressing to know,0
A sense of failure came from,0
I am troubled by,0
I'm in low spirits because,0
It's disappointing to see,0
The pain of loss is,0
It's humiliating when,0
I feel resentful about,0
There's a bitter surprise in,0
I'm dissatisfied with,0
I was ashamed when,0
It's frustrating to witness,0
I felt dejected when,0
My heart sinks when,0
The fear of the unknown is,0
It's exhausting to,0
I dislike when,0
The harshest reality is,0
A moment of bitterness was,0
I resent the times when,0
It's unsettling to experience,0
I felt discouraged because,0
An unforgettable negative experience is,0
I'm apprehensive of,0
The coldness of indifference is,0
I was unfortunate to,0
A low point of my day was,0
It's worrying to see,0
I find sorrow in,0
The despair of others brings me,0
I felt overwhelmed when,0
The storm clouds gathered as,0
"With a heavy heart, she realized",0
"In the midst of chaos, he",0
The shattered glass was a sign,0
"In the silence, they could hear",0
The air was filled with tension when,0
"Alone in the dark, she felt",0
The impending deadline made him feel,0
A sense of dread crept over,0
The broken promise lingered in,0
"In the cold, empty room, he",0
The news hit them like a,0
She struggled with the realization,0
The haunted memories refused to,0
"In the face of adversity, they found",0
The abandoned house was a symbol,0
Tears welled up as she remembered,0
The eerie silence was overwhelming,0
"In the heart of the quarrel, they",0
Her anguished cry echoed through,0
The feeling of betrayal consumed,0
An unsettling darkness surrounded,0
In the aftermath of the disaster,0
His regret weighed heavily on,0
The shadows seemed to whisper,0
In a world full of uncertainty,0
The relentless storm showed no sign,0
She feared the consequences of,0
The distant sound of sirens,0
"In the dead of night, he pondered",0
Her dreams shattered like,0
The chilling wind was a reminder,0
In a desperate attempt to,0
The sorrowful melody filled the,0
He couldn't shake the feeling of,0
The somber mood of the gathering,0
The once vibrant place was now,0
Her heart ached with an intensity,0
The fear of failure loomed large,0
"As the door slammed shut, he",0
The emptiness inside was,0
In the ruins of what once was,0
Her silent tears were a testament,0
The distance between them grew,0
"Confronted with reality, he",0
The haunting regret of the past,0
Every echo of laughter felt,0
She had to face the harsh truth,0
"Caught in a web of lies, they",0
The burden of expectation weighed,0
"In the pale moonlight, shadows",0
The loss of innocence was,0
She wandered through the desolation,0
The constant doubt gnawed at,0
Her heart felt like a heavy stone,0
The missed opportunity haunted,0
Voices of dissent filled the,0
"In the bleak landscape, nothing",0
His anger simmered beneath,0
The revelation was a blow to,0
A chill ran down her spine as,0
The realization hit like a,0
The turmoil in her heart was,0
The echoes of their argument,0
"In the grip of despair, he found",0
The weight of the world seemed,0
Her once bright eyes were now,0
The feeling of helplessness settled,0
The relentless pursuit of perfection,0
"In the growing distance, they",0
The silence after the argument was,0
Her voice cracked under the,0
The oppressive heat added to,0
The creeping shadows signaled,0
The emptiness after the loss was,0
I am disappointed with,0
The sadness I felt when,0
I am worried about,0
The frustrating experience of,0
I am upset over,0
The difficulty of coping with,0
My deep regret for,0
I felt disheartened by,0
The harsh reality of,0
A challenging time due to,0
I am troubled by,0
The anger I experienced when,0
I felt let down by,0
The inconvenience caused by,0
I am frustrated with,0
The feeling of being overwhelmed,0
The bitterness of,0
I am dissatisfied with,0
The loneliness felt when,0
I am struggling to,0
The distress of losing,0
The disappointment in seeing,0
I am unhappy with,0
The injustice of,0
I am concerned about,0
The heartbreak of losing,0
I feel conflicted about,0
The negativity surrounding,0
A difficult decision about,0
I am anxious about,0
The sorrow brought by,0
I feel disappointed in,0
The pain of remembering,0
I am mourning the loss,0
The hardship of dealing with,0
I feel rejected by,0
The unsettling news of,0
I am worried about the future of,0
The unfortunate situation of,0
The grief over losing,0
I am struggling with feelings of,0
I felt criticized when,0
The stress of managing,0
I am disheartened by,0
The conflict within,0
I am uneasy about,0
The difficulty of confronting,0
The worry about potential,0
I am fatigued by,0
The struggle to maintain,0
I felt abandoned by,0
The regret of missing,0
I am overwhelmed with,0
The tragedy of,0
I am let down by,0
The challenges of overcoming,0
I am pessimistic about,0
The fear of uncertainty,0
I am dissatisfied when,0
The unhappiness caused by,0
I am distressed over,0
I feel guilty about,0
The worry about financial,0
I feel sorrow for,0
The tension in relationships,0
I am disturbed by,0
The unhappiness of being,0
I am regretful of,0
The ache of loneliness,0
I am frustrated at the lack of,0
The grief of watching,0
I am shocked by,0
The terror of witnessing,0
I feel pressured about,0
The burden of responsibility,0
The unexpected storm caused,0
She was heartbroken to discover,0
The argument erupted over,0
His harsh words left her feeling,0
The disappointing results of the,0
The town was devastated by,0
The sound of sirens filled the,0
His absence was deeply felt when,0
The broken promise led to,0
The movie received terrible reviews for,0
Her sadness was evident as,0
The eerie silence in the streets,0
The betrayal by a close friend,0
The haunting memory of the accident,0
She was filled with dread when,0
The loss of the cherished item,0
Their hopes were dashed by,0
The news of the tragedy spread,0
The argument escalated into,0
His disappointment was clear when,0
The dark clouds signified an impending,0
Her tears fell as she,0
The failed attempt resulted in,0
The neglected garden was overrun with,0
Their frustration grew with each,0
The painful rejection from,0
His regret was palpable when,0
The feeling of helplessness overwhelmed,0
The chilling wind cut through,0
The loneliness of the empty house,0
The unfortunate misunderstanding caused,0
Their fear of the unknown,0
The unnerving feeling of being,0
The struggle to accept the,0
His stress levels rose due to,0
The argument over financial issues,0
The abandoned building stood as a,0
Her sorrow stemmed from the,0
The lingering doubt in his mind,0
The unsettling news left them,0
Their anger was sparked by the,0
The uncertainty of the future,0
The conflict resulted in,0
Her growing anxiety about,0
The feeling of insignificance weighed,0
The upsetting realization that,0
The haunting sound of footsteps in,0
They faced an impossible decision when,0
His irritation was apparent when,0
The sense of injustice filled,0
The gloomy atmosphere pervaded the,0
Her disappointment in the outcome,0
The pain of separation was,0
The relentless pressure to,0
The catastrophic failure of the,0
The ominous shadow cast by,0
The bitter argument over,0
Their hopes were shattered by,0
The neglected promises created,0
The prolonged silence was unsettling,0
Her resentment towards the situation,0
The feeling of isolation grew,0
His disapproval was evident as,0
The burden of responsibility weighed,0
The feeling of loss after,0
Her panic intensified when,0
The unsettling discovery of,0
Their anxiety about the impending,0
The harsh reality of the situation,0
His anger flared up during,0
The tragic end to their journey,0
Her regret over the missed,0
The strained relationship between,0
The disheartening news of,0
The sinking feeling in the pit of,0
